{
  "ten_dac_trung": [
    "age",
    "bmi",
    "HbA1c_level",
    "blood_glucose_level",
    "hypertension",
    "heart_disease",
    "gioi=Male",
    "gioi=Other",
    "hut_thuoc=current",
    "hut_thuoc=ever",
    "hut_thuoc=former",
    "hut_thuoc=never",
    "hut_thuoc=not current"
  ],
  "w": [
    1.0423791058005936,
    0.5863867419738849,
    2.4858737158096305,
    1.359518550371912,
    0.7311549165250215,
    0.6578679296035915,
    0.2447086180372668,
    -0.009493689448939208,
    0.32782973300342816,
    0.12515515440706956,
    0.2723696935765132,
    0.2130272119735293,
    0.08659265822493566
  ],
  "b": -5.4971699566514545,
  "mean": {
    "age": 41.78859913933205,
    "bmi": 27.327657214924546,
    "HbA1c_level": 5.536569288972779,
    "blood_glucose_level": 138.2194053330213
  },
  "std": {
    "age": 22.449799220927098,
    "bmi": 6.762043175194338,
    "HbA1c_level": 1.0730036665197045,
    "blood_glucose_level": 40.951221304151574
  },
  "so": [
    "age",
    "bmi",
    "HbA1c_level",
    "blood_glucose_level"
  ],
  "gioi": [
    "Male",
    "Other"
  ],
  "hut": [
    "current",
    "ever",
    "former",
    "never",
    "not current"
  ],
  "nguong": 0.5
}